developed_classifier,timestamp,status
1,1736708829.1278028,start
2,1736708835.113294,start
3,1736708840.884159,start
4,1736708846.692219,start
5,1736708852.642687,start
6,1736708858.5705884,start
7,1736708864.4324648,start
8,1736708869.9432006,start
9,1736708875.682094,start
10,1736708883.706367,start
1,1736708886.358111,production
11,1736708889.5412147,start
12,1736708897.806759,start
13,1736708903.9444969,start
14,1736708911.9192965,start
15,1736708917.0478854,start
2,1736708919.139037,production
16,1736708922.4939554,start
17,1736708928.0036335,start
18,1736708933.6901443,start
19,1736708939.5769286,start
20,1736708945.000316,start
21,1736708950.4262707,start
22,1736708955.9809704,start
23,1736708961.1782224,start
3,1736708963.2727995,production
24,1736708967.216607,start
25,1736708972.8738286,start
26,1736708978.313068,start
27,1736708983.907624,start
28,1736708989.4471605,start
29,1736708995.032625,start
30,1736709000.7349384,start
31,1736709005.9688668,start
4,1736709009.1956837,production
32,1736709011.6973643,start
33,1736709017.1918907,start
34,1736709022.7181485,start
35,1736709028.5586314,start
36,1736709033.702944,start
37,1736709039.314879,start
38,1736709044.9400227,start
39,1736709050.398902,start
5,1736709052.4636602,production
40,1736709055.9222498,start
41,1736709061.472945,start
42,1736709066.8578124,start
43,1736709072.5454984,start
44,1736709078.0746007,start
45,1736709083.981578,start
46,1736709089.4886672,start
47,1736709095.3278158,start
48,1736709101.1655457,start
49,1736709107.09676,start
50,1736709112.6377428,start
51,1736709118.5068984,start
52,1736709123.794767,start
53,1736709129.0599992,start
54,1736709135.1716812,start
55,1736709140.6348093,start
56,1736709146.0129638,start
57,1736709151.7481174,start
58,1736709157.6110027,start
59,1736709163.2137146,start
60,1736709168.8496149,start
61,1736709174.4070308,start
62,1736709179.9137354,start
63,1736709186.70937,start
64,1736709192.5544162,start
65,1736709198.3894467,start
66,1736709204.3790944,start
67,1736709209.8088691,start
68,1736709215.1382358,start
69,1736709220.467564,start
6,1736709224.6532412,production
70,1736709225.7803428,start
71,1736709231.2209268,start
72,1736709237.9981384,start
73,1736709243.501923,start
74,1736709248.9731095,start
75,1736709254.351097,start
76,1736709259.8917313,start
77,1736709265.520985,start
78,1736709271.0411696,start
79,1736709276.271705,start
80,1736709281.4247773,start
81,1736709287.1446877,start
82,1736709292.6523166,start
7,1736709293.5155823,production
83,1736709298.4360073,start
84,1736709305.2476842,start
85,1736709310.7987194,start
86,1736709316.4182372,start
87,1736709322.2469828,start
88,1736709327.7775853,start
89,1736709333.5184348,start
90,1736709339.0450785,start
8,1736709342.8760073,production
91,1736709344.672011,start
92,1736709350.418616,start
93,1736709356.4973638,start
94,1736709361.9759476,start
95,1736709367.5070052,start
96,1736709372.7655988,start
97,1736709378.5096314,start
98,1736709384.607845,start
99,1736709390.357763,start
100,1736709395.7725575,start
9,1736709418.6191664,production
10,1736709466.3221352,production
11,1736709504.932541,production
12,1736709545.9374874,production
13,1736709579.2752066,production
14,1736709629.4471374,production
15,1736709675.114934,production
16,1736709715.5616784,production
17,1736709744.541828,production
18,1736709787.907559,production
19,1736709836.8166137,production
20,1736710002.954048,production
21,1736710030.8075254,production
22,1736710113.4964488,production
23,1736710156.8603768,production
24,1736710253.0199575,production
25,1736710307.8515887,production
26,1736710352.1131454,production
27,1736710374.6360662,production
28,1736710402.693675,production
29,1736710429.621248,production
30,1736710560.1205835,production
31,1736710595.8565092,production
32,1736710673.122001,production
33,1736710743.319881,production
34,1736710835.6243265,production
35,1736710958.2516413,production
36,1736711013.4983337,production
37,1736711085.5859995,production
38,1736711188.7277155,production
39,1736711219.9506216,production
40,1736711283.2786677,production
41,1736711355.737052,production
42,1736711390.752374,production
43,1736711439.4447389,production
44,1736711529.0497975,production
45,1736711628.1201437,production
46,1736711668.455461,production
47,1736711751.7253668,production
48,1736711806.4977906,production
49,1736711868.095456,production
50,1736711906.570215,production
51,1736711915.7748096,production
52,1736711935.5371697,production
53,1736711949.912881,production
54,1736711964.8073428,production
55,1736711995.5310032,production
56,1736712012.768072,production
57,1736712026.9818325,production
58,1736712050.0619698,production
59,1736712058.667544,production
60,1736712065.1168246,production
61,1736712074.077007,production
62,1736712120.3628628,production
63,1736712143.0364149,production
64,1736712152.5648837,production
65,1736712182.4168112,production
66,1736712201.6167262,production
67,1736712216.568006,production
68,1736712233.8746693,production
69,1736712257.4311657,production
70,1736712268.6842234,production
71,1736712279.5996597,production
72,1736712293.4686978,production
73,1736712312.8302014,production
74,1736712326.0337226,production
75,1736712336.7896812,production
76,1736712354.3094308,production
77,1736712382.1510177,production
78,1736712401.4000096,production
79,1736712414.290808,production
80,1736712433.1432593,production
81,1736712451.834834,production
82,1736712468.6804245,production
83,1736712484.917268,production
84,1736712490.777372,production
85,1736712513.3831751,production
86,1736712529.0979488,production
87,1736712541.7562342,production
88,1736712557.160416,production
89,1736712568.119158,production
90,1736712576.1029704,production
91,1736712584.455545,production
92,1736712596.5789204,production
93,1736712612.2543032,production
94,1736712622.629552,production
95,1736712637.741938,production
96,1736712648.8036425,production
97,1736712659.143622,production
98,1736712675.691094,production
99,1736712690.0752158,production
100,1736712700.376191,production
